"Id","IsDeleted","Name","CreatedDate","CreatedById","LastModifiedDate","LastModifiedById","SystemModstamp","UserId","Assistant","Status","CompletionDate","PersistedRules","IsArchived"
"4SS5j00000NYtplGAD","0","sales_engagement_gs","2024-01-15 05:55:17","0055j00000AbZjhAAF","2024-01-15 05:55:17","0055j00000AbZjhAAF","2024-01-15 05:55:17","0055j00000AbZjhAAF","sales_engagement_gs","NotStarted","","SalesEngagementVisibilityRule","0"
"4SS5j00000NYtpmGAD","0","Einstein_Scoring","2024-01-15 05:55:17","0055j00000AbZjhAAF","2024-01-15 05:55:17","0055j00000AbZjhAAF","2024-01-15 05:55:17","0055j00000AbZjhAAF","Einstein_Scoring","NotStarted","","EinsteinScoringVisibilityRule","0"
"4SS5j00000NYtpnGAD","0","SE_Rollout","2024-01-15 05:55:17","0055j00000AbZjhAAF","2024-01-15 05:55:17","0055j00000AbZjhAAF","2024-01-15 05:55:17","0055j00000AbZjhAAF","SE_Rollout","NotStarted","","SE_Rollout_Visibility_Rule","0"
"4SS5j00000NYtpoGAD","0","csg_order_mngmt_commerce","2024-01-15 05:55:17","0055j00000AbZjhAAF","2024-01-15 05:55:17","0055j00000AbZjhAAF","2024-01-15 05:55:17","0055j00000AbZjhAAF","csg_order_mngmt_commerce","NotStarted","","csg_commerce","0"
"4SS5j00000NYtppGAD","0","Service_Automate_Case_Routing","2024-01-15 05:55:17","0055j00000AbZjhAAF","2024-01-15 05:55:17","0055j00000AbZjhAAF","2024-01-15 05:55:17","0055j00000AbZjhAAF","Service_Automate_Case_Routing","NotStarted","","automate_case_routing","0"
"4SS5j00000NYtpqGAD","0","SchedulerSettings","2024-01-15 05:55:17","0055j00000AbZjhAAF","2024-01-15 05:55:17","0055j00000AbZjhAAF","2024-01-15 05:55:17","0055j00000AbZjhAAF","SchedulerSettings","NotStarted","","ManageSchedulerVisibilityRule","0"
"4SS5j00000NYtprGAD","0","SE_Email","2024-01-15 05:55:17","0055j00000AbZjhAAF","2024-01-15 05:55:17","0055j00000AbZjhAAF","2024-01-15 05:55:17","0055j00000AbZjhAAF","SE_Email","NotStarted","","EmailIntegrationVisibility,GmailIntegrationVisibility,InboxIntegrationVisibility,OutlookIntegrationVisibility","0"
"4SS5j00000NYtpsGAD","0","capture_cases_service","2024-01-15 05:55:17","0055j00000AbZjhAAF","2024-01-15 05:55:17","0055j00000AbZjhAAF","2024-01-15 05:55:17","0055j00000AbZjhAAF","capture_cases_service","NotStarted","","capture_cases_visibility","0"
"4SS5j00000NYtptGAD","0","SchedulerSetup","2024-01-15 05:55:17","0055j00000AbZjhAAF","2024-01-15 05:55:17","0055j00000AbZjhAAF","2024-01-15 05:55:17","0055j00000AbZjhAAF","SchedulerSetup","NotStarted","","SetupSchedulerVisibilityRule","0"
"4SS5j00000NYtpuGAD","0","Gettoknowfieldservice_csg","2024-01-15 05:55:17","0055j00000AbZjhAAF","2024-01-15 05:55:17","0055j00000AbZjhAAF","2024-01-15 05:55:17","0055j00000AbZjhAAF","Gettoknowfieldservice_csg","NotStarted","","FieldService_Visibility","0"
"4SS5j00000NYtpvGAD","0","Enablefieldservice_csg","2024-01-15 05:55:17","0055j00000AbZjhAAF","2024-01-15 05:55:17","0055j00000AbZjhAAF","2024-01-15 05:55:17","0055j00000AbZjhAAF","Enablefieldservice_csg","NotStarted","","EnableFieldServiceVisibility","0"
"4SS5j00000NYtpwGAD","0","service_console","2024-01-15 05:55:17","0055j00000AbZjhAAF","2024-01-15 05:55:17","0055j00000AbZjhAAF","2024-01-15 05:55:17","0055j00000AbZjhAAF","service_console","NotStarted","","service_console_visibility","0"
"4SS5j00000NYtpxGAD","0","digital_engagement","2024-01-15 05:55:17","0055j00000AbZjhAAF","2024-01-15 05:55:17","0055j00000AbZjhAAF","2024-01-15 05:55:17","0055j00000AbZjhAAF","digital_engagement","NotStarted","","digital_engagement_onboarding","0"
"4SS5j00000NYtpyGAD","0","csg_commerce_onboarding","2024-01-15 05:55:17","0055j00000AbZjhAAF","2024-01-15 05:55:17","0055j00000AbZjhAAF","2024-01-15 05:55:17","0055j00000AbZjhAAF","csg_commerce_onboarding","NotStarted","","csg_commerce_onboarding_Visibility","0"
"4SS5j00000NYtpzGAD","0","csg_scheduler_request_appointments","2024-01-15 05:55:17","0055j00000AbZjhAAF","2024-01-15 05:55:17","0055j00000AbZjhAAF","2024-01-15 05:55:17","0055j00000AbZjhAAF","csg_scheduler_request_appointments","NotStarted","","csg_scheduler_request_appointments_Visibility","0"
"4SS5j00000NYtq0GAD","0","csg_scheduler_internal_users","2024-01-15 05:55:17","0055j00000AbZjhAAF","2024-01-15 05:55:17","0055j00000AbZjhAAF","2024-01-15 05:55:17","0055j00000AbZjhAAF","csg_scheduler_internal_users","NotStarted","","csg_scheduler_internal_users_Visibility","0"
"4SS5j00000NYtq1GAD","0","csg_scheduler_guest","2024-01-15 05:55:17","0055j00000AbZjhAAF","2024-01-15 05:55:17","0055j00000AbZjhAAF","2024-01-15 05:55:17","0055j00000AbZjhAAF","csg_scheduler_guest","NotStarted","","csg_scheduler_guest_Visibility","0"
"4SS5j00000NYtq2GAD","0","csg_scheduler_self_manage","2024-01-15 05:55:17","0055j00000AbZjhAAF","2024-01-15 05:55:17","0055j00000AbZjhAAF","2024-01-15 05:55:17","0055j00000AbZjhAAF","csg_scheduler_self_manage","NotStarted","","csg_scheduler_self_manage_Visibility","0"
"4SS5j00000NYtq3GAD","0","csg_einstein_bots","2024-01-15 05:55:17","0055j00000AbZjhAAF","2024-01-15 05:55:17","0055j00000AbZjhAAF","2024-01-15 05:55:17","0055j00000AbZjhAAF","csg_einstein_bots","NotStarted","","csg_einstein_bots_Visibility","0"
"4SS5j00000NYtq4GAD","0","csg_scheduler_troubleshoot","2024-01-15 05:55:17","0055j00000AbZjhAAF","2024-01-15 05:55:17","0055j00000AbZjhAAF","2024-01-15 05:55:17","0055j00000AbZjhAAF","csg_scheduler_troubleshoot","NotStarted","","csg_scheduler_troubleshoot_Visibility","0"
"4SS5j00000NYtq5GAD","0","csg_scheduler_territory_outages","2024-01-15 05:55:17","0055j00000AbZjhAAF","2024-01-15 05:55:17","0055j00000AbZjhAAF","2024-01-15 05:55:17","0055j00000AbZjhAAF","csg_scheduler_territory_outages","NotStarted","","csg_territory_outages_VisibilityRule","0"
"4SS5j00000NYtq6GAD","0","multi_factor_authentication","2024-01-15 05:55:17","0055j00000AbZjhAAF","2024-01-15 05:55:17","0055j00000AbZjhAAF","2024-01-15 05:55:17","0055j00000AbZjhAAF","multi_factor_authentication","NotStarted","","mfa_always_show","0"
"4SS5j00000NYu29GAD","0","SetUpCases","2024-01-15 06:15:52","0055j00000AbZjhAAF","2024-01-15 06:15:52","0055j00000AbZjhAAF","2024-01-15 06:15:52","0055j00000AbZjhAAF","SetUpCases","NotStarted","","setupcasesvisibility","0"
"4SS5j00000NYu2AGAT","0","csg_sales_leads_opportunities","2024-01-15 06:15:52","0055j00000AbZjhAAF","2024-01-15 06:15:52","0055j00000AbZjhAAF","2024-01-15 06:15:52","0055j00000AbZjhAAF","csg_sales_leads_opportunities","NotStarted","","LeadsOpportunitiesVisibility","0"
"4SS5j00000NYu2BGAT","0","ManageSalesData","2024-01-15 06:15:52","0055j00000AbZjhAAF","2024-01-15 06:15:52","0055j00000AbZjhAAF","2024-01-15 06:15:52","0055j00000AbZjhAAF","ManageSalesData","NotStarted","","SalesData","0"
"4SS5j00000NYu2CGAT","0","csg_automate_abp","2024-01-15 06:15:52","0055j00000AbZjhAAF","2024-01-15 06:15:52","0055j00000AbZjhAAF","2024-01-15 06:15:52","0055j00000AbZjhAAF","csg_automate_abp","NotStarted","","csg_automate_abp_Visibility","0"
"4SS5j00000NYu2DGAT","0","SetUpAccountsContacts","2024-01-15 06:15:52","0055j00000AbZjhAAF","2024-01-15 06:15:52","0055j00000AbZjhAAF","2024-01-15 06:15:52","0055j00000AbZjhAAF","SetUpAccountsContacts","NotStarted","","AccountsContactsVisibility","0"
"4SS5j00000NYu2EGAT","0","EmailCalendar","2024-01-15 06:15:52","0055j00000AbZjhAAF","2024-01-15 06:15:52","0055j00000AbZjhAAF","2024-01-15 06:15:52","0055j00000AbZjhAAF","EmailCalendar","NotStarted","","EmailCalendarVisibility","0"
"4SS5j00000NYu2FGAT","0","csg_data_abp","2024-01-15 06:15:52","0055j00000AbZjhAAF","2024-01-15 06:15:52","0055j00000AbZjhAAF","2024-01-15 06:15:52","0055j00000AbZjhAAF","csg_data_abp","NotStarted","","csg_data_abp_Visibility","0"
"4SS5j00000NYu2GGAT","0","Salesreporting","2024-01-15 06:15:52","0055j00000AbZjhAAF","2024-01-15 06:15:52","0055j00000AbZjhAAF","2024-01-15 06:15:52","0055j00000AbZjhAAF","Salesreporting","NotStarted","","ReportingVisibility","0"
"4SS5j00000NYu2HGAT","0","SalesProcess","2024-01-15 06:15:52","0055j00000AbZjhAAF","2024-01-15 06:15:52","0055j00000AbZjhAAF","2024-01-15 06:15:52","0055j00000AbZjhAAF","SalesProcess","NotStarted","","SalesProcessVisibility","0"
"4SS5j00000NYu2IGAT","0","csg_accounts_abp","2024-01-15 06:15:52","0055j00000AbZjhAAF","2024-01-15 06:15:52","0055j00000AbZjhAAF","2024-01-15 06:15:52","0055j00000AbZjhAAF","csg_accounts_abp","NotStarted","","csg_accounts_abp_Visibility","0"
"4SS5j00000NYu2JGAT","0","csg_setup_service","2024-01-15 06:15:52","0055j00000AbZjhAAF","2024-01-15 06:15:52","0055j00000AbZjhAAF","2024-01-15 06:15:52","0055j00000AbZjhAAF","csg_setup_service","NotStarted","","setup_service","0"
"4SS5j00000NYu2KGAT","0","csg_custom_abp","2024-01-15 06:15:52","0055j00000AbZjhAAF","2024-01-15 06:15:52","0055j00000AbZjhAAF","2024-01-15 06:15:52","0055j00000AbZjhAAF","csg_custom_abp","NotStarted","","csg_custom_abp_Visibility","0"
"4SSJ4000000CdBSOA0","0","einstein_activity","2024-08-31 01:55:48","0055j00000AbZjhAAF","2024-08-31 01:55:48","0055j00000AbZjhAAF","2024-08-31 01:55:48","0055j00000AbZjhAAF","einstein_activity","NotStarted","","EACVisibilityRule","0"
